"V2","V3","V4","V5","V6","V7","V8","V9","V10","V11","U1","U2","U3","U4","U5"
0.523583924369299,0.990145828796528,-0.404420636878839,0.00511966895738092,1.95172374464455,0.345077714703138,0.585812325755519,-0.293592284188005,1.23798878808351,0.27459565243075,0.254072676090529,0.546022842611285,1.20925334744545,-1.96397811110401,-0.880212619427024
0.42364195788228,0.380051787453206,0.0097084493324916,1.97591807829531,1.11213891876695,1.03476367777816,-0.712418815497901,-0.479005009211685,1.42517102823642,0.44779540126802,1.93091427212792,0.23984260522916,0.116558887074206,0.746612868701424,-0.406452972046551
0.631158591044304,1.37547244947058,-0.823279225113094,0.862020813620569,-0.600924751681598,0.284730671824211,1.37959701468325,-1.8900112481813,1.120759878942,-1.05809830115783,-1.012929867412,0.0341353438230838,0.192066193440929,1.05132374710196,-0.777125159688669
1.2296008482042,1.08968357194028,0.420008851215795,-0.00475817923939414,2.02332097527854,-0.139407476691638,1.21978217845603,-1.09008135312218,-0.228784007007848,1.16516213886822,0.0644444403932075,-0.808091219300186,0.786616109492444,0.524171085063729,-1.68350202776482
1.31113262143534,0.772457831548297,2.0714785865179,0.761683977050813,1.84620445590283,1.76933255320885,0.730232688219878,0.314183038355748,-0.442788608246024,0.0650699080768301,0.192373891357855,2.22763232322792,0.739840689710885,-1.11558427972451,-0.166982560101955
0.689202332460395,2.95696603477384,2.70830289003793,1.57721931307979,1.46581948257488,0.247332234018736,0.888044207503692,0.702287191661346,2.16969930020676,1.16051490727817,-2.34002446260473,-0.792524128713455,1.08669203144834,-0.04776622165316,0.593948229116086
-1.0101443868442,0.4076895269806,-0.790689367332068,0.404928891672721,-1.02088388329259,1.46704794500533,0.152479344291463,-0.358210756315664,0.914913727933862,1.40990212126577,-0.351765901032242,1.69728053235192,-1.95280729969486,-1.91702894207942,-0.518159140749171
-0.524423254825624,0.466288440313819,0.772080645189443,0.0583653908738687,0.0724391752875226,-0.682486480978805,1.10539504727151,0.134729481303162,0.745432519561418,1.74016830600687,0.346590938682391,0.938924807290475,-1.18242682652454,-0.571730237839681,0.44119836360764
-0.554851730476046,-0.608861510719662,1.67466127353064,0.98321173281522,1.27725933618253,0.0529798527546304,1.03124265436078,1.25755624061778,0.536095752862742,0.0961384086297382,-2.82894105870644,2.03529495828804,-1.18067847791903,-0.748196633636421,0.755600865049457
1.67666949038829,0.896548690002685,0.0904827175017997,1.81904447124612,0.685467526470861,0.249744553976953,0.457328941298692,1.574522340214,-0.537336604758697,1.21001990733492,0.367872703584524,0.731626386528303,0.376981101876066,0.345178956409604,-0.112960860177346
0.671191061625075,1.82743171876854,0.0679647370801326,0.756989291395151,0.989757822554311,0.128130540999272,-0.599648340251887,-0.962447171168011,1.26898918844222,-1.01194389503639,-0.285484066118437,-0.419847340595375,-1.35679104068327,2.16395110444013,-0.47462538771123
1.18448265091436,-1.13431243763135,-0.0186384197601017,-0.556578927492416,3.10133906776342,1.86780296112185,1.4373371330813,0.0173470369876337,0.43985244465531,-0.0793942243425467,0.442733260452948,-0.309743506851099,-0.22860827167565,0.336646342204412,-0.702121930359935
-0.644121477459461,0.687010293224843,0.883972258897787,-0.476228278308037,-0.176634805506666,0.49633124783172,1.2907849369153,1.33616499815751,0.47423558406991,-0.145842810139569,0.71767113004586,-1.36067647446631,0.423256564904682,-0.41786398353582,-0.279371035837961
0.379218036800042,-0.244575013355456,1.6835689456021,0.0620523009893869,-1.47145459603613,0.763321800233583,-0.099718278160148,-0.33506298332849,1.59033861897299,-1.70914286590968,1.42389508632609,1.03771431038458,1.94090825966462,0.923691020706285,1.56420974922256
1.47725801666985,2.37901267831477,0.973759296026307,0.303339500692868,0.915440791323418,-0.42327575873379,-0.857999847364976,0.0821971122988142,1.47876540091008,0.741187390929205,-1.68539115613733,0.0462178272837366,-0.241019348067338,0.766766592335207,0.091093609568575
0.736479920076437,2.29497095217672,0.606327549083312,0.809020561025701,-0.0458513223504085,-0.210121327379442,0.941546895228901,0.0485592990007209,2.0491086663361,0.911063384237203,0.0417293162320748,-0.0577733552767567,-0.0209705719304921,0.248748147903931,-0.462187981024542
0.799670057293705,1.27157826063851,-0.0157303909909171,1.50094569706361,1.08778657185487,1.51716485768498,0.391500336668377,-0.753012420668621,0.180818367347157,0.344007485488283,-0.632943830350313,0.0767390706997009,0.235647056296984,-0.657218034949707,-0.450438751827904
0.842744571389989,2.36641349369809,0.784488220344293,0.395830587494919,-0.170639204897594,1.77757761372569,0.989200018005722,-0.310017407646928,1.30734085112814,1.46322801973647,0.0300992464318592,-0.633641164106258,-0.595344815613527,0.583124169133963,0.0730966154107931
2.12571585042266,0.0697575624191774,-0.263397383130413,-0.283432157245521,2.85380099922814,1.76795963794023,-0.557414150843286,0.105221718149572,2.04810274679183,-0.021640043039626,-0.129143576065387,-0.423413462128983,-3.19955843375579,0.690682867666824,0.131353009028611
0.299909142696652,1.88772713826975,0.00688303114910083,1.43755362094583,0.518039547315574,-0.861541100395197,-0.222582129739096,-0.279202251820113,-0.453796589046068,-0.663216260382345,-1.17589928573267,0.776691007043517,1.5112784716271,0.291864679995948,1.34563639889239
1.59093250181106,0.352063904664627,1.38265297789808,1.10590459480692,0.164410012862951,2.56905664276653,1.82236316832117,1.24805262060601,-0.203800296476011,1.13788280992567,-1.80681938019899,1.31090723646561,-0.343587003482767,1.92307416746338,-0.423361472072342
1.81340564903391,1.25803293582349,0.728152622965155,1.98779469548206,0.475484027406395,1.53596877892967,1.14036321935698,-0.346326244416171,-0.474746390451939,-0.106328392149722,2.12031372450078,0.0583013062676336,-0.716929115298069,2.30612974849875,0.976942283768022
-0.274511860024664,0.637679396632953,0.527155828812456,-0.85203323341093,1.50430890251943,0.492378484991875,1.32307585136056,-0.298502435362919,-0.802221709100565,2.1491660457582,-1.32440568336117,0.245398357259442,0.287909147297481,-0.98919526784311,-0.6309804050454
1.03606489331536,0.658532330004793,0.0305318794308251,0.9177667149622,0.739086004095822,1.22270372792839,2.55181676079522,0.831529173789913,0.736974843642992,0.273618581423604,0.275021593266166,0.232324718377114,-0.617472756244325,0.401427408509758,0.219751181001007
0.903584357365944,1.48319057162739,1.21717243627123,2.18380952000999,-0.983871220318285,-0.452289280021731,0.86540974324365,-0.921701815933098,1.31019663005102,1.36071266743916,-1.1088631832662,0.188775899725465,0.920167406912455,-1.23238817325492,-0.345672485091224
1.94394676281012,-0.36674574034701,1.62105212016182,1.55462142675069,0.637124751066546,-0.577060292428724,-1.26434092309024,0.0939681220865956,1.85795766600033,1.0269900492409,1.50774050493814,-0.241815887985519,-0.454100665235518,-0.544689343472721,1.0059050442053
1.82958091121597,0.686160948255402,-0.583132229089098,-0.00210519969688605,1.40198768655506,0.56814640006773,1.07036551207484,-1.41687822510978,1.70174337756956,-0.0787741568434261,-1.76729877966445,0.572136317124428,0.855761324504685,-0.434532959022116,1.39731579966728
0.912349776816792,1.10808278701577,0.341626489451446,1.56297611283574,0.680736431765566,-0.679399907427647,1.90791344200006,1.30183614647349,-0.346216356438017,2.28079230382893,-0.888592273848649,0.705791797687352,-0.233542837588828,-0.140845191963231,1.53536108075324
1.05081559591008,0.533607934550353,0.335206447978263,-0.0414792439298872,1.37681766050744,0.709114947689881,2.79612755694057,-0.13897910413627,2.50547419207458,1.34796408975427,-1.21905138661598,0.204899603994032,-0.978371478897954,1.75814127006527,0.684528247552368
0.194652498553231,1.04173485413359,-0.292216193574553,0.377050114837533,0.495272891894134,1.8168018487348,-0.640273283599254,-0.333178727434443,-0.00978111835598594,0.794825430636555,0.0502813662769896,0.552103380111652,0.737215963533884,-0.830141420577255,-0.505352566351758
0.716681713445139,0.618194626563853,-0.712599121209661,2.0179819046964,0.583858183511721,-0.514777773834618,-0.414267250985838,-1.1035857307484,0.762506102857901,0.981615531328412,-0.490812951536646,-0.568871310357778,2.44160362468046,0.514427756122244,-0.124233092127789
-0.114402762551918,2.55541934918129,0.283706754779742,0.540302314277246,1.12411498499754,-0.219344805082931,0.0307669198811458,0.126904563460484,0.234736408532975,1.38435360009222,2.38505995846631,0.192717755598882,-0.992492651489919,0.787131076627757,0.301334745178827
-0.0521498523562602,1.65126401478648,0.941651417599312,1.65899377103276,1.63468915566874,0.565659888580996,-0.317467467435925,-0.665615580713849,0.53464211844686,0.794897670616031,-0.00438812697078212,0.621347221610975,-0.440736144505333,0.242015513717525,-2.08736714684124
-0.306007045422739,3.9029407831311,1.7629818137629,0.539219917288157,-0.604649979139039,-0.498500170695973,0.0908445914987758,-0.398825732712626,0.845185324903329,-2.28802529911599,1.33169035546128,-0.10721561163254,-1.16938753229774,0.559916806561637,1.4203970626931
1.75101374744119,0.141997808738651,-1.62301325349287,-0.745914778680581,0.608257994047394,0.135811989243855,0.551210346964764,1.4223418428224,0.776153248398838,0.989947737567609,0.820808669126654,-0.124075919558077,1.59198798945038,-0.650418509012264,-1.06897934731921
2.02977784199176,1.75144132797777,-0.416299938526066,-0.0183680708815963,0.570783337643007,1.39185136080153,-0.464633736098718,-0.0408592730043169,0.631899739534428,0.337830141295974,0.685679030525222,-0.465021846854624,0.127274716720975,-0.458392616404943,-0.459351897002142
0.501861190569265,3.03510622342824,-0.0252906832255753,-0.25807223588987,-0.117175134837947,1.48864096310025,2.77356048162442,-0.937115786912865,0.765065018343864,0.890295348902559,0.515880947876038,0.573407762486937,-2.32709865557149,-0.680486321714024,1.33166610954918
-0.214171354510475,1.23805546845043,-1.37701749588103,0.346157054950152,-0.39261384204615,0.902942614157227,0.844363059526814,0.297873479705193,0.171557054555164,1.28688851140246,0.273801847190434,0.254936081717929,-2.19677491732732,-2.19243732797149,0.409776277697745
0.826874711719304,-0.145999728541369,-0.464393907005947,0.494136417057753,0.011013564922184,-1.33245971393733,0.652480214135686,-0.228071818390139,0.152775159713928,2.10480161132963,-0.713335909234141,2.67214420120392,0.939165264428458,0.625987094854832,0.472336504221015
3.15670973680898,-0.0692470885054228,-0.491212224395165,0.677089735405682,1.228553238906,0.465099212303967,1.23220795624586,0.724680145225149,-1.00410678951298,-0.0222272754375158,-0.343044145090591,-0.134495017662124,0.299162155572667,-0.415461682891878,-0.749698629326992
2.95611921424684,0.90166084838025,-0.436430165073259,0.58720039749248,0.225422862709352,1.58386916346842,0.774003500759232,1.5670885249688,0.274658563528013,2.00760741608109,0.468979532578923,0.111574061825906,-1.98992669349438,-0.17630383376965,-1.60169156402432
-0.804994293225097,2.24619977415128,-1.90269506436072,2.72264966766744,-0.143142290612317,1.33229098654174,0.604500277685357,-0.858025913871682,0.144342032524031,1.04091290378902,-2.47583251603368,-1.01000268728493,-1.20413480040692,0.665259163558917,-0.791447325580303
0.557899387373968,1.68747589994458,0.499558085072898,-0.555550711218094,0.805161838379101,0.328279475025851,2.21337573819336,0.589316894818093,3.35888329074663,1.74357088273457,-1.85544128847299,0.887879801316048,0.398345738001552,0.0498835161725022,0.502010547640313
2.44808653565865,-1.20129291431456,-0.345783401468488,0.415623325359545,-0.594968716216346,-2.18083385943357,0.519558104549164,0.219564655916298,-0.705123940787887,1.6257933523276,-0.420507917893379,-0.307217559138982,0.0447565860236231,-0.111450292883659,0.717195270520938
0.876561946886119,0.236721304431228,1.80663072861851,1.17952915417416,1.68761929512968,0.580062587931249,-0.547013889450958,1.03023217950236,0.794248508960438,1.42594294690381,-1.86603756721418,0.133164992636376,-1.8661608131691,-0.529151371898205,0.0433551906169097
2.51221928582278,0.928018938004876,1.08209548420143,2.45888989188273,0.157150102674294,1.09284764661371,1.12225620508467,-0.095111541708456,-0.836632776914459,-0.338054154530906,0.113504700739202,0.945326369680402,0.752522837991073,1.61586225377977,-0.394144346444174
0.581220650186473,-0.521058073946906,-1.16739003034646,0.918969521780942,0.830874330573669,0.564899528855232,0.385075441112175,0.971285665698424,-0.813443451034965,0.614878397426243,0.470018677123532,1.52568672984904,-0.425684374542395,0.139510593333388,0.380004825407965
1.51979196741173,1.63160505979273,0.384534955792182,2.06959833446789,0.692751850467977,0.676508489306008,0.214792221284998,-1.61038926409888,0.781694676598838,1.32858294603649,0.884594160133231,-0.247450568194144,1.24417031633511,0.119583697425689,-0.622427952571525
1.13904728274661,-1.52426006188863,-0.30763144944681,-0.814107909686381,0.641504850006561,0.950661321998904,-0.331542886045903,1.82412551855118,-0.339646844482206,-0.248458573735395,1.11360999293018,-0.35660370110431,0.450349279282091,0.979865755338673,0.511387206007391
4.14387553897641,1.08036517733832,1.17442070342086,2.2768041514458,2.45112756133587,0.122546213079921,1.16495421790796,0.999444575756388,0.655169676097123,0.162235969463093,0.566850429321619,0.207968407569953,1.18280748259793,0.379384347932197,-1.10137305663194
0.990562351919234,1.66323932264734,-0.0387219069955046,0.99782398191324,0.144910957835403,2.36220776306506,0.0617704000379344,0.748305771746412,1.52027295102341,1.48078531301749,0.254072676090529,0.546022842611285,1.20925334744545,-1.96397811110401,-0.880212619427024
1.17740753226822,-0.227148546055884,0.114846971899577,-0.618863851444848,0.641296789083954,1.60389112342169,-0.273597014039742,-0.315217821629928,2.35232664786068,-0.646206322970954,1.93091427212792,0.23984260522916,0.116558887074206,0.746612868701424,-0.406452972046551
1.01783516200362,0.470823802413509,2.2975912161782,-1.82738494196235,0.810321010272709,-0.133640632939792,1.57315414679133,0.569626005873156,0.47760327751818,-0.0435484229183011,-1.012929867412,0.0341353438230838,0.192066193440929,1.05132374710196,-0.777125159688669
0.439654844588473,-0.609324216886673,1.89604317768405,0.349196727151142,-0.591986198730909,0.243112748088778,-0.254584236804003,0.485486406850985,0.394327146851849,0.930568030867029,0.0644444403932075,-0.808091219300186,0.786616109492444,0.524171085063729,-1.68350202776482
-2.91399730630207,1.56387599375132,0.0509477727516612,0.253609012338129,0.35754853443283,0.193884065820957,1.22259084329196,-0.15290012800727,1.43797936280088,-1.34066790043464,0.192373891357855,2.22763232322792,0.739840689710885,-1.11558427972451,-0.166982560101955
1.21844502100819,1.06680898409105,0.034580131716454,0.242328171969351,0.233950205449002,1.08158739488774,0.980998613729419,0.582999979367618,0.528568098107531,-1.24407719871828,-2.34002446260473,-0.792524128713455,1.08669203144834,-0.04776622165316,0.593948229116086
0.0665149240052299,1.63287483808351,2.65800537994961,0.923396898899029,1.13764838497107,0.936067302024865,-0.349983257639741,0.691843587281608,0.0400986726509768,-0.561489860110252,-0.351765901032242,1.69728053235192,-1.95280729969486,-1.91702894207942,-0.518159140749171
1.46764300006029,1.32738680503309,2.84371440928171,0.242261121388762,-0.770951870962778,1.30795202384728,2.1579228402186,-0.113212628502772,-1.26230017378129,0.212403139685827,0.346590938682391,0.938924807290475,-1.18242682652454,-0.571730237839681,0.44119836360764
-0.169231370825309,0.111564263847918,0.157531051297512,1.03147585481723,-0.737668721879247,0.282671608058272,0.385421429236895,1.28972986995709,-0.78869851822142,1.79923489487695,-2.82894105870644,2.03529495828804,-1.18067847791903,-0.748196633636421,0.755600865049457
-1.17683559325342,0.898770322524249,-0.367633015460332,-1.75530650829433,1.22815939915964,0.563667852594467,2.1782047447225,1.51019006838776,0.881305593630287,0.286135181392688,0.367872703584524,0.731626386528303,0.376981101876066,0.345178956409604,-0.112960860177346
1.70298442827892,-1.18929716776497,3.55816741397145,-0.872751670630876,-0.125805038739445,1.6813745831806,0.503192748773689,-0.544503894054945,-0.984656886218743,0.72271346180316,-0.285484066118437,-0.419847340595375,-1.35679104068327,2.16395110444013,-0.47462538771123
0.639119222803844,1.2220585093415,1.16430116149958,0.604228395926644,-0.198003007432044,0.840407766307048,0.403169332235008,-0.659881845070375,1.52345445171571,0.495725836491904,0.442733260452948,-0.309743506851099,-0.22860827167565,0.336646342204412,-0.702121930359935
3.95304604023404,1.6880114051309,1.12142213929466,-0.0974696577559994,0.575306344740875,0.285724644148424,0.947000403777325,0.631025940563419,-0.87143345788919,-0.144904350780175,0.71767113004586,-1.36067647446631,0.423256564904682,-0.41786398353582,-0.279371035837961
1.37333368957535,-0.156624874120923,1.01080888210306,1.20020342225855,0.141894022857493,1.91117889681679,0.620169432407368,-0.795824876386633,0.28142652344752,1.92253001499596,1.42389508632609,1.03771431038458,1.94090825966462,0.923691020706285,1.56420974922256
1.50624829367468,-1.4169122870456,2.33953243347411,-0.749291028185539,2.32867431948232,0.953510834323905,0.621625350738093,-0.331936443595661,0.472661124447338,-0.53618044183835,-1.68539115613733,0.0462178272837366,-0.241019348067338,0.766766592335207,0.091093609568575
1.2215667131833,-0.803715329932608,0.742950011816458,0.979331556837771,0.72182427831133,0.0234798557339736,0.100562044952098,0.920420060758257,0.462167347693826,0.331899227698076,0.0417293162320748,-0.0577733552767567,-0.0209705719304921,0.248748147903931,-0.462187981024542
-0.145645600610959,-0.394005956233666,2.39406441130887,-0.41340391664944,0.623852893461602,2.64970308401716,-0.234670696792139,-0.455989489326465,0.626944403545412,0.212504665634698,-0.632943830350313,0.0767390706997009,0.235647056296984,-0.657218034949707,-0.450438751827904
0.0873121135456643,1.9600961471883,0.714016796018234,-0.857611369374875,1.39336773187889,-0.228086467191137,1.59151304707286,-1.81063780619369,1.07350821296209,1.0924613657517,0.0300992464318592,-0.633641164106258,-0.595344815613527,0.583124169133963,0.0730966154107931
1.51756771458209,0.722594186715395,1.43981813342592,-0.0873763650260204,0.402346073283911,-0.841021737397005,0.172023086923347,0.781878195476788,0.348784644262735,2.16756730850615,-0.129143576065387,-0.423413462128983,-3.19955843375579,0.690682867666824,0.131353009028611
1.51285230608783,-0.518682334340661,-0.098824758920103,0.305208147509664,0.511032522620982,-1.3131179258127,-0.398230501523071,-1.48505286213961,0.226461515714238,1.07414727236156,-1.17589928573267,0.776691007043517,1.5112784716271,0.291864679995948,1.34563639889239
1.04071393736876,1.27481137055043,1.105145718612,-0.972253137184611,-0.610582578190432,1.59114049230222,0.470378529222277,-1.23711289579921,0.635324476465636,1.942705906818,-1.80681938019899,1.31090723646561,-0.343587003482767,1.92307416746338,-0.423361472072342
-0.528825659291099,-1.46403709770749,2.1353404080447,-0.508577086486523,-1.83067860793714,0.407181897152751,0.177290941648486,-2.90044531776326,0.0413551399637447,1.32342979479487,2.12031372450078,0.0583013062676336,-0.716929115298069,2.30612974849875,0.976942283768022
2.14236358799242,0.472087794555157,0.771266332387039,-0.990753237276957,-0.744914027520811,0.664455165783235,-1.21455925728424,0.948725183884702,2.01240950066128,-0.0642517983891444,-1.32440568336117,0.245398357259442,0.287909147297481,-0.98919526784311,-0.6309804050454
-0.90909926943419,1.83196917923885,2.21714811027541,1.2722028021007,0.576402252340723,1.22964149538456,0.687289279118149,0.368584450501983,-1.69524949505506,0.641876546673954,0.275021593266166,0.232324718377114,-0.617472756244325,0.401427408509758,0.219751181001007
0.0245274276373262,0.377439014643318,3.66186863506404,0.979041448399788,-0.571004256561845,0.473530460964754,1.14540054954634,0.579780827595969,1.50200170085244,1.93641185760974,-1.1088631832662,0.188775899725465,0.920167406912455,-1.23238817325492,-0.345672485091224
2.78280026996357,2.02455059379347,1.8765964644837,-0.777098312764189,1.15110057488559,-0.668045652189169,1.27291878487151,0.962279584877876,0.226514148371081,-1.00093303991207,1.50774050493814,-0.241815887985519,-0.454100665235518,-0.544689343472721,1.0059050442053
0.981863957399532,2.5144361230932,0.686058209873217,0.812774828463683,1.1873758402184,-1.00976927328647,1.37096769380655,0.0755158373330772,0.897317467393407,0.885103406839666,-1.76729877966445,0.572136317124428,0.855761324504685,-0.434532959022116,1.39731579966728
1.42847519265703,-0.448722975821043,1.03115110685926,-0.000152598758597355,0.67967303348262,0.599314604524538,-0.0226172846149912,-0.988088544045389,1.46265037520069,0.403542429292729,-0.888592273848649,0.705791797687352,-0.233542837588828,-0.140845191963231,1.53536108075324
0.834715173401054,-0.433175373329612,0.500741305851036,-0.857962932805746,0.260636090925154,1.11474005008684,0.65249930856239,0.681263013985513,1.31056525359604,1.43811660697932,-1.21905138661598,0.204899603994032,-0.978371478897954,1.75814127006527,0.684528247552368
-0.538191620293716,-0.195343217693244,3.11334011460434,0.676626263955729,-0.903397038045151,-1.33776303802171,-0.0301223770430186,1.42085211747431,-0.185524777484691,1.31049932142561,0.0502813662769896,0.552103380111652,0.737215963533884,-0.830141420577255,-0.505352566351758
-0.139741136799605,1.24784028418603,-2.02410737197735,-0.0675214875054498,0.153355213866372,1.2305390037026,0.342794946352058,-1.38273357614002,2.03906657485285,0.861386150087797,-0.490812951536646,-0.568871310357778,2.44160362468046,0.514427756122244,-0.124233092127789
0.622993199328592,1.55419117870099,1.01556048635189,1.13560872553245,0.00938993600630483,1.36232088022913,-0.231614259601518,-0.489501873464397,-1.14797885373053,2.05314386347428,2.38505995846631,0.192717755598882,-0.992492651489919,0.787131076627757,0.301334745178827
-2.47073540232913,1.92824922574394,1.04481005177,0.0605652175650232,1.12552196706332,2.23475188596223,-0.138237372266866,-0.174757704001938,1.33889345504,-0.965161053924734,-0.00438812697078212,0.621347221610975,-0.440736144505333,0.242015513717525,-2.08736714684124
-0.390172450330109,2.01858479701322,1.14812057346543,1.4434838064447,1.77092235929223,1.10472854132947,1.60810759096176,-1.17219598166896,-0.0366056918751859,1.47105030473099,1.33169035546128,-0.10721561163254,-1.16938753229774,0.559916806561637,1.4203970626931
1.25632628847189,1.7948445558623,-0.623147365479547,-0.254335687427029,0.96333313243803,1.14496836355575,0.705704858207198,0.811593210429338,-1.44236794388439,-1.01919928161257,0.820808669126654,-0.124075919558077,1.59198798945038,-0.650418509012264,-1.06897934731921
0.159285788283221,1.6589132751667,1.15088379341053,0.474976835214219,-0.665995712653835,1.54461814948132,0.719385260007153,-0.48169454124248,-1.39081676705893,1.14804900336355,0.685679030525222,-0.465021846854624,0.127274716720975,-0.458392616404943,-0.459351897002142
0.174130399303069,0.882486945059171,1.12233606417922,0.625723245705483,2.1332901279417,0.920873753586587,2.70778460827732,1.37439400562628,0.720176145000703,0.649975042245691,0.515880947876038,0.573407762486937,-2.32709865557149,-0.680486321714024,1.33166610954918
1.3272610828972,-0.169026306987987,2.19329437236638,0.534537218071532,1.47264585499566,0.86030017537671,0.919834262978452,0.170995375282002,2.69853138346908,1.52759440319481,0.273801847190434,0.254936081717929,-2.19677491732732,-2.19243732797149,0.409776277697745
-0.0866135084505366,-0.00704873110394588,1.45819002806174,0.457371261654248,0.68581403841799,1.05599898715832,0.441162643776905,0.845579879326492,0.748373145705479,0.63914509915979,-0.713335909234141,2.67214420120392,0.939165264428458,0.625987094854832,0.472336504221015
1.08654501162604,1.12670925726614,2.05012652463273,0.24243228190958,-1.74419177066609,1.68418788680391,1.72551312455156,1.67858542986525,1.6057818760893,-1.00836709024112,-0.343044145090591,-0.134495017662124,0.299162155572667,-0.415461682891878,-0.749698629326992
-0.964592681696951,2.4026485909042,-0.022829995017694,0.164563818263435,-0.492292796009626,0.508723919227826,0.490968592996091,0.383112115251829,1.31366645562111,-1.44749043777112,0.468979532578923,0.111574061825906,-1.98992669349438,-0.17630383376965,-1.60169156402432
-0.769770857085843,2.42509207521702,0.810266667297344,1.62046018965977,0.393719755333295,0.440485570844284,2.35113420986533,1.19421362086191,-0.179618196317192,1.10130627048373,-2.47583251603368,-1.01000268728493,-1.20413480040692,0.665259163558917,-0.791447325580303
-1.21636373949599,-1.20705444917368,1.12641007620274,1.16355939322409,1.2235987241088,0.0748524459998072,0.600554067739603,0.328185293333885,1.42895806004041,0.486956148136542,-1.85544128847299,0.887879801316048,0.398345738001552,0.0498835161725022,0.502010547640313
0.542140258493319,-0.11488576357606,1.20688949775612,-0.354459347060981,-0.717611377414759,-0.017742760516355,0.36207381426743,-1.39418616416773,0.827948547050337,-0.0106856473131137,-0.420507917893379,-0.307217559138982,0.0447565860236231,-0.111450292883659,0.717195270520938
0.25161611227804,2.13824476798559,0.240857783479521,1.65186604556038,3.67349177931082,1.26681449409416,-0.189898622688862,0.139889621568264,0.681596374210627,0.249264286391326,-1.86603756721418,0.133164992636376,-1.8661608131691,-0.529151371898205,0.0433551906169097
1.8996134165305,-0.344997463366834,2.41384416800491,0.400227197649371,-2.0915320284073,2.48738674844069,1.30686678697691,0.835623567696742,1.47611031587126,-0.111082320856398,0.113504700739202,0.945326369680402,0.752522837991073,1.61586225377977,-0.394144346444174
0.415959672863076,-0.894465220828043,0.322905225510004,-0.385177947254377,0.226358873209467,-0.028845046108912,2.44473705582599,0.606944379496909,1.22244907320129,0.402992294163988,0.470018677123532,1.52568672984904,-0.425684374542395,0.139510593333388,0.380004825407965
1.81149625401222,1.31892334034983,-0.679637727206575,0.425231083899459,0.202730179282097,0.751574096496056,0.622216883296911,-0.0564009842236304,-0.151577755162125,-0.370972324754902,0.884594160133231,-0.247450568194144,1.24417031633511,0.119583697425689,-0.622427952571525
2.40296705217127,2.45207695703946,1.33716235774345,0.0982413369200804,-0.201074094075661,-0.0899866387004,1.23969407026326,-1.10021212701376,0.870220767497728,-1.42267673322516,1.11360999293018,-0.35660370110431,0.450349279282091,0.979865755338673,0.511387206007391
-0.0331964574597013,2.65361681411014,1.59922769444226,0.356368418887029,0.143302111717383,1.84810096461601,1.31155528356156,0.763885730364101,-0.417170872484563,0.340732941995589,0.566850429321619,0.207968407569953,1.18280748259793,0.379384347932197,-1.10137305663194
2.47186013644305,0.232103464330513,0.758318374223604,0.831357391153841,0.295849288620798,-0.291354475104813,0.661877575634069,0.219890444617824,1.35901699555152,1.22444333494073,0.254072676090529,0.546022842611285,1.20925334744545,-1.96397811110401,-0.880212619427024
0.2609193083389,-0.209190965734469,0.975675438316971,0.335693889786155,0.107773428210864,0.39506723372973,0.83936189451801,0.335370478656201,0.290097245546348,-0.00888899918986408,1.93091427212792,0.23984260522916,0.116558887074206,0.746612868701424,-0.406452972046551
0.924553135808124,0.0203757295790906,1.37384092494319,2.04336361157734,1.44746074595957,0.677428018488548,2.21783112553497,1.48536951245648,-1.58640608034587,1.57399462786721,-1.012929867412,0.0341353438230838,0.192066193440929,1.05132374710196,-0.777125159688669
0.579846928921951,-0.960380789450279,1.33561544592211,-0.180499378525463,0.373531366344484,0.920691292112671,-0.721820243779229,0.00677912565820737,-0.852696194977361,-0.243756071287746,0.0644444403932075,-0.808091219300186,0.786616109492444,0.524171085063729,-1.68350202776482
2.7614274094728,-0.144366244697592,0.557278968342235,1.90927772499659,0.879655259225718,1.15355177999406,1.86501089868829,0.715408242997539,-0.41028103182782,-0.19046961624751,0.192373891357855,2.22763232322792,0.739840689710885,-1.11558427972451,-0.166982560101955
1.4947953823665,-0.951024505120971,2.13906976824957,2.35313224879018,0.123423932475289,-0.994305853022596,1.06171592724898,0.761834753563861,0.873234922637405,1.12479762157499,-2.34002446260473,-0.792524128713455,1.08669203144834,-0.04776622165316,0.593948229116086
-0.87659533009896,-0.266955376375223,0.952359536032983,-0.694981276341405,-0.735886491526261,0.521882388746781,-1.15512507660985,0.809165479622767,0.162133365016461,0.926815579283291,-0.351765901032242,1.69728053235192,-1.95280729969486,-1.91702894207942,-0.518159140749171
0.469922687722122,0.665617427322402,0.853090307184298,-0.180235959990936,0.372078201264055,1.03837980635014,0.113156239113479,1.08718484663268,-0.167398913868647,1.09862743670734,0.346590938682391,0.938924807290475,-1.18242682652454,-0.571730237839681,0.44119836360764
-1.38871832440858,0.379130149500135,1.93350977456538,1.53821371306072,0.422224669400742,1.84054765592054,-0.239139524867396,2.50231234009664,-0.397921204056268,0.90533917278737,-2.82894105870644,2.03529495828804,-1.18067847791903,-0.748196633636421,0.755600865049457
0.811066148845896,1.03707262497401,1.98093309059093,-0.00964088694764065,-0.734955172663805,0.40064404991719,-0.542796984515168,0.454406391016865,0.600664585320087,0.307360441139292,0.367872703584524,0.731626386528303,0.376981101876066,0.345178956409604,-0.112960860177346
1.60799584062715,0.626678294660115,0.288221973951961,0.255138346211902,0.0536882428715474,2.11336126274661,-1.14768301712367,0.110857906109504,-0.404462647676973,0.70580209547735,-0.285484066118437,-0.419847340595375,-1.35679104068327,2.16395110444013,-0.47462538771123
0.00954176604066981,0.250701532922178,-0.00216694291373187,0.501315465206934,2.08321920921162,0.232683685421576,-0.103898582495361,1.69802248056261,0.0490485551583297,2.45616300435193,0.442733260452948,-0.309743506851099,-0.22860827167565,0.336646342204412,-0.702121930359935
-0.378475404777182,1.13702351486086,0.283273676262043,0.602184004231727,-1.046828505185,0.464313645439248,-0.0451565481656124,1.28621043067135,-0.493007598179738,0.818109136672646,0.71767113004586,-1.36067647446631,0.423256564904682,-0.41786398353582,-0.279371035837961
2.15981556144791,1.33042697647806,-0.186884164407355,1.65036641780442,1.55461615016935,0.674425911670879,0.0666587908243575,1.14152611390278,-0.941284113318203,-0.482485138953177,1.42389508632609,1.03771431038458,1.94090825966462,0.923691020706285,1.56420974922256
-0.0605985922909398,-1.26067739939907,-0.792305222819458,0.343662467764036,-0.144631358385275,0.011831221944426,-1.6709101518116,1.49672639443073,1.40215421696461,-0.00855590058516109,-1.68539115613733,0.0462178272837366,-0.241019348067338,0.766766592335207,0.091093609568575
1.81181526836153,1.03085790437141,1.29949925075925,1.03601864497298,1.56474815434164,1.23014983312594,0.831706022200129,-0.506192071168567,-0.870525841931167,-0.26581061249499,0.0417293162320748,-0.0577733552767567,-0.0209705719304921,0.248748147903931,-0.462187981024542
1.11810500096661,0.916669138065445,0.843781367971431,1.6841628697782,-0.76061561638766,-0.831575518813457,1.13655471367095,1.96903392320144,0.519998774260837,-0.0640858830113823,-0.632943830350313,0.0767390706997009,0.235647056296984,-0.657218034949707,-0.450438751827904
1.78505451004641,1.08062468407159,1.63144148261332,-0.593711212013476,0.0162422306437296,0.508568219047605,1.17984634092927,1.35965600980791,-0.121216220467155,-0.425079659826363,0.0300992464318592,-0.633641164106258,-0.595344815613527,0.583124169133963,0.0730966154107931
1.90657638558021,-0.770092544576463,0.987232366619558,0.257035939909486,0.393671056457492,-0.0263307653897786,1.16094397414413,1.85705110793011,-0.611481040682617,-1.78984464248679,-0.129143576065387,-0.423413462128983,-3.19955843375579,0.690682867666824,0.131353009028611
2.04394189186519,2.54764101220085,1.39805469099821,1.80646169276773,-0.0301526702037863,-0.032861956499928,0.590709784934951,0.307220417508806,0.706283166518284,1.50507000918669,-1.17589928573267,0.776691007043517,1.5112784716271,0.291864679995948,1.34563639889239
2.1400672396052,-2.45554000658344,0.492833581610714,0.570148491882523,0.741176397042273,1.66565717139419,1.85855349878234,-0.936201919435815,0.820104132620376,1.49604576922689,-1.80681938019899,1.31090723646561,-0.343587003482767,1.92307416746338,-0.423361472072342
1.19943289744011,0.145573205238733,0.0287837700196967,-1.58841523774693,-0.084423942009862,1.56643146629566,-0.486252016836168,0.421148597762388,1.71163639738536,0.585403824605006,2.12031372450078,0.0583013062676336,-0.716929115298069,2.30612974849875,0.976942283768022
1.07579241090289,0.256816836652975,1.76702395349129,0.0888590039410866,1.29131102325978,2.11223831305241,-0.836401226616526,-0.00110868411307485,0.77219462416948,0.112206943042297,-1.32440568336117,0.245398357259442,0.287909147297481,-0.98919526784311,-0.6309804050454
-0.0513578953980018,-0.0109871586854504,1.7500123452487,1.76269463948446,0.25285699198385,0.250414991241296,0.72804138707916,3.1285005783147,0.308502308592909,0.0238226276667027,0.275021593266166,0.232324718377114,-0.617472756244325,0.401427408509758,0.219751181001007
-0.306377733759298,0.886583455587807,-0.744820454962372,0.52007932333252,0.774857194344374,0.546612571896671,0.831027554358733,0.492271554534142,3.04943852538102,1.23473859601453,-1.1088631832662,0.188775899725465,0.920167406912455,-1.23238817325492,-0.345672485091224
0.302648389460855,0.262744974623469,1.86618638074762,0.542031392516615,-1.10310937845915,-1.03737152333615,-0.356312984632184,0.690064284205678,-0.2033148003867,1.06256783387549,1.50774050493814,-0.241815887985519,-0.454100665235518,-0.544689343472721,1.0059050442053
0.768215250717551,-0.639344579488011,-0.784479710012833,0.800899008295823,-0.575951732597416,0.126032354325231,0.426809587536508,1.96871665098147,-0.556213600212148,1.25764783974933,-1.76729877966445,0.572136317124428,0.855761324504685,-0.434532959022116,1.39731579966728
-0.0832413976230739,1.54874347321686,0.943204404609708,1.66613460062567,1.17194550689118,2.27835990652988,0.713513091307632,1.52608465749057,-0.0881442847732634,0.840842203720215,-0.888592273848649,0.705791797687352,-0.233542837588828,-0.140845191963231,1.53536108075324
1.7359564019157,-0.155201640505219,0.594019474936723,0.455577480338968,0.591223499260289,0.0976840567860348,0.769879499506176,1.57880478278932,0.336555061324427,1.45498817509263,-1.21905138661598,0.204899603994032,-0.978371478897954,1.75814127006527,0.684528247552368
0.108971870881955,0.749388812730014,0.860835462499844,1.42262667097679,-0.053469067500797,-0.652126904439635,1.26675996289995,3.53944769385865,1.04739979741479,1.26713820448204,0.0502813662769896,0.552103380111652,0.737215963533884,-0.830141420577255,-0.505352566351758
1.24449599931326,-0.527799912138623,2.08512946080748,1.51982190061097,-0.026345178857265,0.55610635053486,1.32359145467422,1.07185252958329,0.862814687699897,1.39431663018334,-0.490812951536646,-0.568871310357778,2.44160362468046,0.514427756122244,-0.124233092127789
1.77446120764435,-0.92117271054586,-0.266326131699042,-0.0721913451573528,0.837337718554268,1.7607009146093,-2.03860405557783,2.81091366844458,0.341218981424223,1.33196554066812,2.38505995846631,0.192717755598882,-0.992492651489919,0.787131076627757,0.301334745178827
-0.278129617948943,-0.467128531437676,0.723408034290967,0.884795998121929,-0.141373763520339,-1.06375951985859,2.11819749052575,1.15945653222341,-0.409592910144907,2.49789000094189,-0.00438812697078212,0.621347221610975,-0.440736144505333,0.242015513717525,-2.08736714684124
1.9269253630324,-0.918131253129485,3.54219421896112,0.408363130953844,0.157392729039552,0.260391312560653,0.846206113381795,-0.553283836343975,1.57429696242338,-0.219030352208387,1.33169035546128,-0.10721561163254,-1.16938753229774,0.559916806561637,1.4203970626931
-1.2044031889459,0.6718166403996,-0.489414577029659,1.36362295866906,-1.56351724405037,0.982042326400368,-0.180156878641068,-1.32151011037003,1.36325124954967,2.34432894677612,0.820808669126654,-0.124075919558077,1.59198798945038,-0.650418509012264,-1.06897934731921
1.13379402499676,-1.41338244692278,0.362304160690139,-0.561608423571948,1.85644692325465,2.4917417788056,-0.724420935073385,1.55542168207805,-0.277409964623146,0.501795603341042,0.685679030525222,-0.465021846854624,0.127274716720975,-0.458392616404943,-0.459351897002142
2.4157421788512,-0.839779297583939,0.947839706579471,2.48583816032577,0.848405474076202,-0.101394010493869,1.29526773266848,-0.0935117338582352,1.13374871567596,0.771023516177675,0.515880947876038,0.573407762486937,-2.32709865557149,-0.680486321714024,1.33166610954918
1.45946937644811,0.165928522884617,1.1888449487533,2.29268632115429,0.914725401110382,2.03363338556085,0.718299482588717,0.947710514586636,0.897055419745827,0.917085798709519,0.273801847190434,0.254936081717929,-2.19677491732732,-2.19243732797149,0.409776277697745
1.81891018854681,-1.57686214927245,0.455586128393486,0.10381245505677,-1.82301996437349,0.0813165907879449,1.46829342715241,2.68278183095036,1.49219123420625,0.387789464457275,-0.713335909234141,2.67214420120392,0.939165264428458,0.625987094854832,0.472336504221015
0.350634763017921,-0.36617785876807,0.722859411236851,0.276794004750637,0.061600881905213,-0.516805923711958,0.329887913402083,1.25292080824753,0.596598662538654,-1.71780269026985,-0.343044145090591,-0.134495017662124,0.299162155572667,-0.415461682891878,-0.749698629326992
1.20240747680745,-0.166212513192932,2.07303954303953,0.0381807844121728,-0.32649635434859,-0.620122713972953,0.146684705141459,0.618640684760533,-0.694097525099479,0.523071724877102,0.468979532578923,0.111574061825906,-1.98992669349438,-0.17630383376965,-1.60169156402432
2.01041092694958,1.48478840315129,0.808146249295818,0.810127590760601,-1.29394874847717,0.293113658972223,2.63162602779286,-1.01883852119879,1.24946903052087,0.877387412036414,-2.47583251603368,-1.01000268728493,-1.20413480040692,0.665259163558917,-0.791447325580303
-0.425118197534981,-0.118826523072057,1.2404470482991,0.445630269267044,0.809867932492883,0.491797085445808,-1.64578950375125,0.105089021570409,-0.281746902868231,-0.901723801341503,-1.85544128847299,0.887879801316048,0.398345738001552,0.0498835161725022,0.502010547640313
1.90572551618346,-0.384577132933695,1.35843396407576,1.05930667937469,1.31656833933672,0.191309956325784,0.781117932187422,0.330120160183699,0.974178913829695,1.3859439196945,-0.420507917893379,-0.307217559138982,0.0447565860236231,-0.111450292883659,0.717195270520938
-0.505272486459973,-0.524507631247992,1.39592598831063,-0.928549330535978,-0.470786847777839,1.5664349440753,0.775016810004237,1.58994386358068,2.12044840031352,0.238730567402794,-1.86603756721418,0.133164992636376,-1.8661608131691,-0.529151371898205,0.0433551906169097
0.405250362616169,0.585931207417298,1.48139674816664,1.10521494701661,-0.146752619829107,0.703752950044954,0.828899066645981,1.38919547852746,-0.971858392169616,2.28374606603266,0.113504700739202,0.945326369680402,0.752522837991073,1.61586225377977,-0.394144346444174
3.52678823978589,-0.18074081420137,1.04352430797317,0.962230903822299,1.7938995470219,0.408384175483881,0.948344369151154,0.919701539617702,2.00888042927011,1.10087237426038,0.470018677123532,1.52568672984904,-0.425684374542395,0.139510593333388,0.380004825407965
1.41469695332596,-0.405068682212277,0.280217652758951,-0.653935228701838,-1.56737034519739,-0.0883426881829618,0.113797084127138,1.08598186553544,1.80013063701929,0.0472214522136446,0.884594160133231,-0.247450568194144,1.24417031633511,0.119583697425689,-0.622427952571525
0.813188193078238,-0.140963274763873,0.930620976477314,1.22264132172825,0.826658343537446,-0.781804146912284,1.55649154608682,0.617614882601822,-0.081727148590343,1.00373648066764,1.11360999293018,-0.35660370110431,0.450349279282091,0.979865755338673,0.511387206007391
1.88279706650832,1.20394276809157,0.0254699066833561,1.0016208724292,-0.231583765881288,-1.4451148543568,-2.0640737678328,0.935965353800551,0.195696852621936,1.09358736819738,0.566850429321619,0.207968407569953,1.18280748259793,0.379384347932197,-1.10137305663194
0.126642613502037,1.53212512101652,1.44846205525385,0.435152368271378,1.72182576761474,0.0777787901643452,-0.924437656407631,-0.278663947928829,2.37545753632732,0.367969986559591,0.254072676090529,0.546022842611285,1.20925334744545,-1.96397811110401,-0.880212619427024
1.09464766818135,-0.0734468034182456,-0.0866774216856068,-0.256599224707147,-1.11242956986251,0.341411770560617,-0.1149060714151,0.288942985817868,0.669692474624148,1.23358760266154,1.93091427212792,0.23984260522916,0.116558887074206,0.746612868701424,-0.406452972046551
0.879104297648337,1.36965366697685,0.212598001857951,1.89936874804308,-0.484531280367394,0.980141825361044,1.34586257034324,0.592556219608289,1.83009452568844,0.267183423601583,-1.012929867412,0.0341353438230838,0.192066193440929,1.05132374710196,-0.777125159688669
-1.0986957260075,0.592317636422009,1.18443278190481,0.703736162404378,0.811280632203211,3.18941912353853,-1.34099704316289,0.0701570017858116,-0.0825903989034018,-1.74344590239358,0.0644444403932075,-0.808091219300186,0.786616109492444,0.524171085063729,-1.68350202776482
-0.803435428622691,1.1946786236549,1.16685359866874,1.4430014288617,-0.257060402875333,-0.0877526868527057,1.42216987139146,0.635252082063086,1.18224768608472,1.08416627680155,0.192373891357855,2.22763232322792,0.739840689710885,-1.11558427972451,-0.166982560101955
-1.05678724664672,-0.228064968978544,1.18491084906176,0.305107029408145,0.492008256622032,-1.32393170295565,0.921383092396158,-0.0354054757153711,0.14294031423697,0.100298448660992,-2.34002446260473,-0.792524128713455,1.08669203144834,-0.04776622165316,0.593948229116086
2.15211052622989,-0.137937107302529,0.437159855652003,0.86011844275137,1.35673215976496,0.712516030691896,-1.22935377161184,-0.110693855029899,-0.445510576401964,0.03817644369179,-0.351765901032242,1.69728053235192,-1.95280729969486,-1.91702894207942,-0.518159140749171
1.35593350953212,0.706894187284846,1.15072121765049,1.71869303842891,2.18076393010471,-0.00632824931051001,-1.49342620779315,-0.0464474206840181,1.56162581802601,0.615575847176509,0.346590938682391,0.938924807290475,-1.18242682652454,-0.571730237839681,0.44119836360764
-1.61285976942813,0.60234403854439,0.674101352452061,1.36089372483662,0.0553354500022913,-1.33952382846158,0.0418728307780087,0.846546402987058,2.51624816815296,1.95432957297572,-2.82894105870644,2.03529495828804,-1.18067847791903,-0.748196633636421,0.755600865049457
1.20462720386526,-0.977675053983876,-0.244706755337162,1.62645097231672,-0.834147106439961,-0.0413918959010883,0.293633792284168,1.02872435599008,0.118094441920097,0.907240155007319,0.367872703584524,0.731626386528303,0.376981101876066,0.345178956409604,-0.112960860177346
0.801427555914661,1.3481395623548,2.19249276361676,-1.1414603431098,-1.08066667051297,0.459336731350701,1.19354224072709,2.54313805940595,0.0227252952720118,1.45356558705334,-0.285484066118437,-0.419847340595375,-1.35679104068327,2.16395110444013,-0.47462538771123
0.481335175950875,-1.13864092882454,-1.47490269019858,0.862374110700714,-0.542584430277888,-0.269281631843225,-0.030215224961072,-0.77564858478707,-0.165913203995574,1.24084294166838,0.442733260452948,-0.309743506851099,-0.22860827167565,0.336646342204412,-0.702121930359935
-0.00692642048222092,0.395820679715082,1.23363666402872,0.493361867456883,-0.422561365909252,1.54857594091664,0.427705740855035,-0.499798467182266,0.448460426350166,0.713377042910972,0.71767113004586,-1.36067647446631,0.423256564904682,-0.41786398353582,-0.279371035837961
-0.531429658773078,0.866184811861316,0.729775965710271,0.0349710193943222,-1.20704921660433,1.74055638593737,1.29658062922424,0.851808074173911,1.57224842337623,1.28289951810892,1.42389508632609,1.03771431038458,1.94090825966462,0.923691020706285,1.56420974922256
1.60022362570194,0.109055422179526,0.410885888959134,0.12447338814415,0.601741336574479,0.508110946468065,1.17802333198109,1.8453243027702,1.61882962021673,0.473462268886186,-1.68539115613733,0.0462178272837366,-0.241019348067338,0.766766592335207,0.091093609568575
0.160660945874133,-0.592783891305677,-0.223291705630979,2.36093552270409,1.42784412787939,-0.648669852028547,0.833427800966189,1.4343071474883,1.34955563529717,-0.637533609704501,0.0417293162320748,-0.0577733552767567,-0.0209705719304921,0.248748147903931,-0.462187981024542
0.605328269481118,0.412231210375777,0.127581510340912,1.11570432984339,-0.439350286762892,1.42708721911674,0.33125121197196,-0.26004664550682,1.66618871985719,0.959413887663263,-0.632943830350313,0.0767390706997009,0.235647056296984,-0.657218034949707,-0.450438751827904
1.32442371835914,0.700633341703493,2.1937785974587,0.540563109046905,-1.03638512687884,-0.0219586068663458,0.388284558336025,-0.470572090913997,0.437723741778884,-1.6660350157237,0.0300992464318592,-0.633641164106258,-0.595344815613527,0.583124169133963,0.0730966154107931
1.27259589476875,-0.113023310005101,0.291109015812014,1.62419544154825,-1.26994873961179,0.00299854362065155,1.20995372967477,1.90406124415443,0.73389142991417,-0.374430537745727,-0.129143576065387,-0.423413462128983,-3.19955843375579,0.690682867666824,0.131353009028611
0.344185680803895,-0.546187859147458,0.00362158303060772,0.13967297988086,0.77409995080725,0.982022895217355,1.10953989761361,1.75050582291306,1.58865130718381,0.552237299895699,-1.17589928573267,0.776691007043517,1.5112784716271,0.291864679995948,1.34563639889239
0.196986200561787,-0.383549341482989,-0.490253859689349,0.824020092619797,0.0354709607719823,-0.143229961130848,-0.0541807930976704,0.422186564884935,0.625024079556464,0.451019152973782,-1.80681938019899,1.31090723646561,-0.343587003482767,1.92307416746338,-0.423361472072342
0.99704653300573,0.282567361980511,-0.107470239121253,2.1320320427567,-1.90090641264281,0.538231672596811,0.371924060877255,1.90834726857631,-0.0550211661338137,0.191417123107614,2.12031372450078,0.0583013062676336,-0.716929115298069,2.30612974849875,0.976942283768022
-0.440683143237711,0.358428254547348,0.303815829241213,0.352541643253616,-0.119806838350117,0.0619411644378518,1.69988644686725,0.1996721431761,-0.47104873693455,1.60036965977652,-1.32440568336117,0.245398357259442,0.287909147297481,-0.98919526784311,-0.6309804050454
1.04373409631982,2.23054033442964,-0.96961378423933,-0.113986542859063,0.00427671600889164,1.22519978733194,1.47870115935346,-0.610241391978777,3.60418804443636,-0.457835147660722,0.275021593266166,0.232324718377114,-0.617472756244325,0.401427408509758,0.219751181001007
0.911076846891502,-0.474626003247418,1.53080609958274,0.136876984271744,-0.839830005933404,-0.013389824631296,-0.969913514462643,0.157048802540449,-0.793113647764925,-2.0018648235672,-1.1088631832662,0.188775899725465,0.920167406912455,-1.23238817325492,-0.345672485091224
0.988173684941359,1.19220408063028,0.485935320262853,-0.365626475115267,-1.21738503163347,-0.010843850677254,1.45553582146341,0.287580059373026,0.935918060592209,1.39223054111006,1.50774050493814,-0.241815887985519,-0.454100665235518,-0.544689343472721,1.0059050442053
0.459671568610134,0.393586540170524,1.85312931141243,0.93783222043748,-0.449037654820054,-0.12897236403507,-0.0785215137103892,-1.35191212507006,2.84091574394925,0.656883717001976,-1.76729877966445,0.572136317124428,0.855761324504685,-0.434532959022116,1.39731579966728
-0.987140116491696,0.903916562056034,1.37854413553995,1.01303158339945,-0.698371592485674,0.843965733609743,-1.56643565477198,0.0361610160777,1.74411228297597,0.503289484550339,-0.888592273848649,0.705791797687352,-0.233542837588828,-0.140845191963231,1.53536108075324
-1.26910932608454,0.147470605492077,1.80249503353794,1.54084212989465,-0.670432046689673,2.04786504567504,1.29981030634817,-0.210948120008343,0.72125507671334,0.22055433337694,-1.21905138661598,0.204899603994032,-0.978371478897954,1.75814127006527,0.684528247552368
-0.55421271269731,1.61388253077585,-0.947789486497676,2.48693200103164,-2.29907485169045,-0.0559624354850855,0.0918019024491921,0.698945790857153,1.43993058556239,-1.07522086088069,0.0502813662769896,0.552103380111652,0.737215963533884,-0.830141420577255,-0.505352566351758
1.10343384625444,-0.892027504126255,0.967691921208926,2.09041054115289,-0.14538456598742,1.0510173416998,0.974380143361565,-0.323569458407037,2.69155764981277,-0.340925811703774,-0.490812951536646,-0.568871310357778,2.44160362468046,0.514427756122244,-0.124233092127789
0.585392363862718,0.964962213833141,0.0262870685170169,-0.565622064731515,0.952637928765582,0.176799080646161,1.94644714109849,0.689879090558888,1.09622922762814,1.1191927555513,2.38505995846631,0.192717755598882,-0.992492651489919,0.787131076627757,0.301334745178827
0.00350152769493994,0.837130641189661,0.341255833163879,2.6842785838769,1.16031079931902,-0.255599767027465,1.08720678504711,0.743950012873317,0.337513895611407,0.630594742454628,-0.00438812697078212,0.621347221610975,-0.440736144505333,0.242015513717525,-2.08736714684124
-0.044376439210442,1.86691852035341,-0.211369188596106,0.824448216996299,2.07830082469307,1.9240469783609,-0.346259379951677,-0.0716652350349092,2.35849435237013,-0.807131730137718,1.33169035546128,-0.10721561163254,-1.16938753229774,0.559916806561637,1.4203970626931
1.28916265258386,0.586588026917794,0.603212776038498,0.298500625964428,0.269238309116912,0.2636887585954,-0.127588977837089,0.164151708123409,2.77559486036333,1.20995057480014,0.820808669126654,-0.124075919558077,1.59198798945038,-0.650418509012264,-1.06897934731921
-0.873245366658919,1.30765153064133,0.481739768294706,2.54080541984763,-1.04805549034501,2.4537262108438,-0.979798286426025,2.58917426478351,-0.0779534859395338,1.39815826519113,0.685679030525222,-0.465021846854624,0.127274716720975,-0.458392616404943,-0.459351897002142
1.48577205086159,1.21068909590513,-1.73172613231568,1.11402511388043,0.506290575014083,0.145927634669458,-0.814373999178917,1.75569008617961,1.62535817170237,0.477145597545668,0.515880947876038,0.573407762486937,-2.32709865557149,-0.680486321714024,1.33166610954918
1.18689162900874,0.16414239058281,1.24055137164037,2.41595986899392,1.10379336191732,1.48991278382183,0.496865069396207,1.76242097135297,1.03594870475627,0.595392125832583,0.273801847190434,0.254936081717929,-2.19677491732732,-2.19243732797149,0.409776277697745
-0.132466902672506,0.727292376480764,0.542482855128925,0.641646055264832,1.89045316920963,1.9436082954879,-0.291943312028002,0.265770202937905,1.60824271669137,2.020919051683,-0.713335909234141,2.67214420120392,0.939165264428458,0.625987094854832,0.472336504221015
0.639847686413208,0.677433941258779,-0.583753357389751,-0.0459160787333586,0.815201839484849,2.97363681031953,0.665589045455831,-0.632119942703172,1.43329923968546,1.00661734225017,-0.343044145090591,-0.134495017662124,0.299162155572667,-0.415461682891878,-0.749698629326992
1.63069583148741,1.93065899674249,-0.71331955310747,-1.28079434681648,1.42219214758941,0.00194427112080264,0.839743696552267,0.778782421479475,0.886088308843405,1.83165377152037,0.468979532578923,0.111574061825906,-1.98992669349438,-0.17630383376965,-1.60169156402432
2.0885107130374,1.0502761138509,-0.302136605481433,1.81203504459267,0.443118240498407,0.909321936451334,0.37079740810417,0.273706755387048,1.34485245510498,0.56670143057493,-2.47583251603368,-1.01000268728493,-1.20413480040692,0.665259163558917,-0.791447325580303
2.22656601207965,1.10165735712615,-1.19552663939558,-0.202914659029963,-1.27355326980565,1.76874052645225,-0.391311511735476,3.79231846575398,-0.30392715790353,2.09126648828669,-1.85544128847299,0.887879801316048,0.398345738001552,0.0498835161725022,0.502010547640313
1.10866283061842,3.15465655968694,0.525874349329501,1.55652898979614,-0.85742486641599,0.331249377388389,-1.49059584262422,-1.72423658082728,-0.497818536030896,0.536094856755514,-0.420507917893379,-0.307217559138982,0.0447565860236231,-0.111450292883659,0.717195270520938
0.523122374258579,1.2273532536547,1.89045223777849,0.805063296020492,1.89093421376654,1.42776954410438,0.121962322153942,0.00482646857801541,1.62735056500732,1.52952710064746,-1.86603756721418,0.133164992636376,-1.8661608131691,-0.529151371898205,0.0433551906169097
1.19309020771029,1.17353621913758,0.580989869963938,1.15760467420756,0.708035651978357,0.402264911116828,-1.03048247045515,1.6913741770971,0.992636911074732,0.266999929705493,0.113504700739202,0.945326369680402,0.752522837991073,1.61586225377977,-0.394144346444174
0.47948450751508,1.34273776674442,0.91526301733949,1.95180963922421,-0.663772186536576,-0.300422972419593,0.653313018143043,-1.89085742734051,0.774984366389547,-0.465224012606014,0.470018677123532,1.52568672984904,-0.425684374542395,0.139510593333388,0.380004825407965
-0.265328134332968,2.35909737960811,-1.09509800838672,0.19985335045725,-0.7017660032617,-1.40425547951643,0.780179546940053,-0.0519896932327671,-0.769450571141831,1.61338337080619,0.884594160133231,-0.247450568194144,1.24417031633511,0.119583697425689,-0.622427952571525
1.58173910056909,1.77254344187407,-1.15109244049374,0.223636143219809,-0.916770241118923,1.34755565269634,0.323348305001892,0.541726908711176,0.337103417029894,2.90778268421924,1.11360999293018,-0.35660370110431,0.450349279282091,0.979865755338673,0.511387206007391
1.43225439366778,1.14949131987476,-0.508324604098658,0.453411392125387,0.152421630791482,0.491008965090276,-1.03077867791676,-0.0119786188092272,1.09880655869455,0.285900527997892,0.566850429321619,0.207968407569953,1.18280748259793,0.379384347932197,-1.10137305663194
-0.722892500550225,-0.0449582281584462,0.0685617408566997,1.96965878007179,2.11193807691484,3.19519348725559,0.651991566145932,0.292463232492411,1.61231291176358,1.87984195497786,0.254072676090529,0.546022842611285,1.20925334744545,-1.96397811110401,-0.880212619427024
0.360391369219883,0.0279370703893776,-1.05748231660691,0.226542897081615,-0.63035632434269,0.917376979168813,3.79197099712663,1.24937151585512,-0.0611343574268697,2.28539749666823,1.93091427212792,0.23984260522916,0.116558887074206,0.746612868701424,-0.406452972046551
0.528862960216808,0.106852793247383,-0.448983032696131,1.19540757023726,-0.359484400785758,2.85170192820777,0.619463626187826,1.37544308750484,2.45673726411213,2.0906961454199,-1.012929867412,0.0341353438230838,0.192066193440929,1.05132374710196,-0.777125159688669
-0.152872629728171,1.53684817282708,0.990524716126617,1.97448514495417,0.820263523053382,0.98238124658144,1.03584775390628,1.11668733014147,2.16144285763694,1.40815391241498,0.0644444403932075,-0.808091219300186,0.786616109492444,0.524171085063729,-1.68350202776482
1.57740536674032,1.01748954575918,-0.957082315230302,1.46768317233097,0.685749748342771,1.51100199974422,0.680959922667959,0.968264536250096,1.58819334183546,0.582383936147212,0.192373891357855,2.22763232322792,0.739840689710885,-1.11558427972451,-0.166982560101955
-1.66303652835793,1.39355078773383,-0.534439289655527,0.965095496237038,-1.75541704369358,0.383225651201558,0.245194767051696,-1.14128870578548,0.798028285893157,0.527554930688053,-2.34002446260473,-0.792524128713455,1.08669203144834,-0.04776622165316,0.593948229116086
-0.634751624276516,0.737193389313823,0.820604214432802,1.06967689930455,0.969551682175868,0.0292395902042721,1.73532672938781,0.759375190813542,1.832547051116,0.205975268288653,-0.351765901032242,1.69728053235192,-1.95280729969486,-1.91702894207942,-0.518159140749171
1.98347746191995,0.147310521403379,0.418797453951591,3.22424515295488,-0.858135162814434,-1.04284884465104,0.360182779102589,-0.778316602548375,0.350880685814587,-0.162222990989527,0.346590938682391,0.938924807290475,-1.18242682652454,-0.571730237839681,0.44119836360764
1.27190927469379,-1.02038000291712,-0.562627141094646,2.41017460512818,-0.793792721266369,0.335507900344611,0.890125662611375,0.716013147122021,0.0927535630906232,0.228745421918673,-2.82894105870644,2.03529495828804,-1.18067847791903,-0.748196633636421,0.755600865049457
-1.1381463211012,-1.26887995568572,1.69004615295664,0.983947663310161,2.15886480166815,1.68472216312902,0.605874671951961,-0.0208544727427071,-1.25762853651718,1.23267582933981,0.367872703584524,0.731626386528303,0.376981101876066,0.345178956409604,-0.112960860177346
1.20308751668891,2.446992776272,-1.15333590227907,0.652748022253546,1.5921090521827,-0.144606706601576,-1.94071974688405,0.534472723409674,1.16422983562653,1.0035152276638,-0.285484066118437,-0.419847340595375,-1.35679104068327,2.16395110444013,-0.47462538771123
0.745121488545263,0.439732917429233,1.45310848476504,2.8152147810337,-0.316410334859224,-0.20188617420958,1.53868522183094,-0.540107118118781,-1.34169010658128,-0.586818442487819,0.442733260452948,-0.309743506851099,-0.22860827167565,0.336646342204412,-0.702121930359935
-0.951362427773127,0.993993491545287,0.851603850054996,1.06346463899702,2.0984235738228,0.518670956891056,1.04551407661658,0.475619583005407,0.946632818223297,1.81668942734459,0.71767113004586,-1.36067647446631,0.423256564904682,-0.41786398353582,-0.279371035837961
0.739135395004464,1.13026527057727,-2.06014001549393,1.37633273188847,-0.0979461756789189,1.11671080340733,0.0343178828378745,2.15941954378574,1.41230719959808,1.90997947398741,1.42389508632609,1.03771431038458,1.94090825966462,0.923691020706285,1.56420974922256
1.27255385052546,1.88209282176478,0.357596115350188,2.28293361842917,1.46039959953166,0.462975911110756,2.25085499147731,2.46514384764179,1.7605433641286,2.10190980985108,-1.68539115613733,0.0462178272837366,-0.241019348067338,0.766766592335207,0.091093609568575
-0.61553975536255,1.06924032833599,0.838456153286566,0.360285691046263,1.8084692399573,2.16994444222481,-0.375141265667913,-1.84866108068539,1.99278623704175,-0.604757028481038,0.0417293162320748,-0.0577733552767567,-0.0209705719304921,0.248748147903931,-0.462187981024542
0.899231163122555,0.462141921936964,-0.754249621180263,0.538059828852242,1.76275420715504,1.2502090225556,-0.890191640217495,-1.01434348092159,1.58622776989612,0.205663572959525,-0.632943830350313,0.0767390706997009,0.235647056296984,-0.657218034949707,-0.450438751827904
-0.856174207746526,1.17864710113101,0.026764769628546,0.591433829500873,1.68640719832825,0.921534135611413,0.200835260427685,-0.780876511903773,0.111388754190437,0.20925734111826,0.0300992464318592,-0.633641164106258,-0.595344815613527,0.583124169133963,0.0730966154107931
0.909286114858838,0.78307497710379,-1.58608690708196,1.14486808988161,0.144416695083129,-0.145039505922408,-0.296580616790014,-0.636317796783696,1.861715586728,0.167673489068349,-0.129143576065387,-0.423413462128983,-3.19955843375579,0.690682867666824,0.131353009028611
-0.603482480419172,-0.19288334093284,-0.870136019025285,-1.44302254967522,-0.114984269266689,0.0219363096947064,1.67743220723089,2.7190795688407,1.03424135784643,0.0541392556024117,-1.17589928573267,0.776691007043517,1.5112784716271,0.291864679995948,1.34563639889239
0.00381375628251512,1.39426351127539,0.174197755285153,0.555368477185424,1.6856787199574,1.41841392346408,0.973718676453512,1.65551479015043,-0.893694445200944,0.0588278728338527,-1.80681938019899,1.31090723646561,-0.343587003482767,1.92307416746338,-0.423361472072342
-0.66217614396313,0.600212935120223,0.308618989394488,1.68073547867217,0.360028329933386,0.625213134033152,0.51769346292384,0.530365953293105,0.857829759435828,-0.35171985966165,2.12031372450078,0.0583013062676336,-0.716929115298069,2.30612974849875,0.976942283768022
1.07722659796693,0.401065684013433,-0.0362301823425057,1.28534744908865,-0.250685372371872,2.06373986546622,0.89709127254632,1.62149765049746,-0.812419765516132,0.0560146611571243,-1.32440568336117,0.245398357259442,0.287909147297481,-0.98919526784311,-0.6309804050454
0.235110437117404,-0.484972230397975,-0.736999295565526,1.32418007055406,-0.593245209393273,-0.676117008207354,-0.0633046861695802,2.90132597627877,-0.0825238303646343,0.286801764032336,0.275021593266166,0.232324718377114,-0.617472756244325,0.401427408509758,0.219751181001007
0.878102637676058,1.58382673461367,0.631247168388703,-0.613325498854282,1.73332906360893,1.29276939723915,1.06947261690105,1.2770686932717,0.351611933054364,0.812488317079851,-1.1088631832662,0.188775899725465,0.920167406912455,-1.23238817325492,-0.345672485091224
0.996895950413559,0.0458914749468288,1.3649355924442,1.19006156785137,1.18981207429908,0.432919151653633,1.0780947495361,2.41551531231513,0.384028033839889,1.22448106360278,1.50774050493814,-0.241815887985519,-0.454100665235518,-0.544689343472721,1.0059050442053
0.37501809906125,0.336508321699076,-0.563404798954666,0.858790070892279,1.9113655842686,2.42094767194598,0.816016136105124,-0.507522778001659,1.89794234230262,1.57671180675556,-1.76729877966445,0.572136317124428,0.855761324504685,-0.434532959022116,1.39731579966728
0.288302880446989,0.40780552260925,0.0939378911135336,0.993878037000748,-0.187811157522235,1.38475463863036,0.884903195452649,-0.439343824286402,0.905560765021527,-0.181980231653842,-0.888592273848649,0.705791797687352,-0.233542837588828,-0.140845191963231,1.53536108075324
0.779518615352101,0.378782700105844,-0.493645256719363,1.86633017570946,0.691438476148626,-0.0675532235325722,-0.220464056409233,1.70792862826057,0.0338548515838639,0.661386862935797,-1.21905138661598,0.204899603994032,-0.978371478897954,1.75814127006527,0.684528247552368
0.968460897085873,0.991430601724907,-0.0434677515144359,2.42162406131632,-0.654769676084973,-0.350481724679029,1.82294667287684,1.5317319608324,0.337107176597612,2.95453906934396,0.0502813662769896,0.552103380111652,0.737215963533884,-0.830141420577255,-0.505352566351758
0.362681201149951,1.33769542396998,0.198186619533895,0.721509041716643,0.517974812086372,1.18717848327241,-0.598084546234085,1.51007527940785,0.39574232434396,0.15697075150857,-0.490812951536646,-0.568871310357778,2.44160362468046,0.514427756122244,-0.124233092127789
0.798263422625397,0.972394673210502,-0.0647095318011202,0.376068634604096,-0.414451200160209,0.650555318831863,3.11629680392975,1.1257412343367,1.15918765211836,1.35926811337121,2.38505995846631,0.192717755598882,-0.992492651489919,0.787131076627757,0.301334745178827
1.1802872050616,-1.03541455328837,-0.317318936923557,0.725799074022156,0.820657113262785,0.873743497101591,2.51189012804104,0.168885076622092,1.51062258482196,-0.0795064533517131,-0.00438812697078212,0.621347221610975,-0.440736144505333,0.242015513717525,-2.08736714684124
1.05945234436463,-1.97358782329211,-0.433796314230854,1.74790585392332,0.394115433546005,0.791844756032711,1.40751953075658,1.58960876328869,0.550082540702016,1.68420710878618,1.33169035546128,-0.10721561163254,-1.16938753229774,0.559916806561637,1.4203970626931
1.6892231630763,0.0707542071969263,0.0714752102241259,0.854952707601592,1.87735289781822,1.61258915530728,-0.464273731258756,2.48770636076021,0.631500050381943,1.16435502866932,0.820808669126654,-0.124075919558077,1.59198798945038,-0.650418509012264,-1.06897934731921
-1.51165523833232,0.254503100342299,-0.163290174494252,0.555958642670777,0.748975730995082,-0.117258131533754,1.31387873313208,1.88038619833888,1.48904699872228,-0.299371112912651,0.685679030525222,-0.465021846854624,0.127274716720975,-0.458392616404943,-0.459351897002142
0.724466575205718,0.286708642315654,-0.50701759590676,0.921113560513938,0.0277707580733062,4.42848620010967,-0.77543267970343,-0.740835448883097,0.101578989345803,1.64402955100662,0.515880947876038,0.573407762486937,-2.32709865557149,-0.680486321714024,1.33166610954918
0.53432189718138,-0.956943108882941,0.414793302508051,2.32749011660539,-1.30848608158285,1.25165748902779,0.617811283672244,1.11465564675963,0.810295696204202,1.74457661023669,0.273801847190434,0.254936081717929,-2.19677491732732,-2.19243732797149,0.409776277697745
-0.386882491388801,-0.243587659401812,0.44115919344296,0.052888486464731,-0.0210700300277216,0.421202750297385,1.67854586527712,0.652325127455838,0.828349823753987,1.50163859232896,-0.713335909234141,2.67214420120392,0.939165264428458,0.625987094854832,0.472336504221015
-0.373355802785259,-1.3833463836375,0.207667970405546,0.662768539774719,-0.154336257667199,0.812803101198072,1.72836354427624,0.72707870675387,0.205755642514824,-2.14924040352014,-0.343044145090591,-0.134495017662124,0.299162155572667,-0.415461682891878,-0.749698629326992
0.903829916191129,3.07475380345861,-1.06364888835821,-0.0822630544102829,1.57967029320878,1.49970712448433,0.920724390353708,0.457610575704818,0.311166039042013,0.762664786186819,0.468979532578923,0.111574061825906,-1.98992669349438,-0.17630383376965,-1.60169156402432
0.0241339426365191,0.982379863194709,0.43990073215361,3.21228416957137,0.88911450853709,1.59175178983618,0.649591151654698,-0.625691496357173,0.663561169945586,2.13872133248236,-2.47583251603368,-1.01000268728493,-1.20413480040692,0.665259163558917,-0.791447325580303
0.119292743415655,0.429617646047057,0.46324721007346,0.500477773738425,-0.156055113166175,-0.817279472261161,1.15130719165406,0.971262682408883,0.0890391601530102,0.447522129309488,-1.85544128847299,0.887879801316048,0.398345738001552,0.0498835161725022,0.502010547640313
0.886767350568531,-1.45436788288183,-0.245697685999869,1.87959399925254,0.659666189587343,-1.10855928804279,-0.704030268561968,1.99170740045479,0.875621451610602,-0.0393067919873958,-0.420507917893379,-0.307217559138982,0.0447565860236231,-0.111450292883659,0.717195270520938
1.5227644510884,0.16898821381129,0.59106310497807,1.01145684536582,0.565898990738642,0.867669687180564,0.511519836656308,2.27654450573083,-0.305002762715077,0.464543605244167,-1.86603756721418,0.133164992636376,-1.8661608131691,-0.529151371898205,0.0433551906169097
2.44637675883097,1.25620259517378,1.3017872653396,0.798177630747913,0.761079021006654,1.79437877470246,2.70028205541362,1.11991099832083,1.34655159432383,-1.76420110900615,0.113504700739202,0.945326369680402,0.752522837991073,1.61586225377977,-0.394144346444174
1.14942558362214,1.21396512502607,0.365233496057144,0.611930888492936,0.134239035249603,1.12381742973731,-0.850344777114648,-0.0963371417897139,0.501736237762672,-0.519458883951049,0.470018677123532,1.52568672984904,-0.425684374542395,0.139510593333388,0.380004825407965
2.38155718604353,0.889863608499028,0.80253740617191,0.169918371686767,1.61673922195692,1.9831021700899,2.51686605624855,0.0569621500545423,1.76989981397824,0.531582674518016,0.884594160133231,-0.247450568194144,1.24417031633511,0.119583697425689,-0.622427952571525
1.65118014926453,1.84582375802814,1.32000449167276,2.31511626484706,1.74128663551767,1.36076505477671,1.41586034699175,0.0285467875167577,1.39725480961774,1.45416492797476,1.11360999293018,-0.35660370110431,0.450349279282091,0.979865755338673,0.511387206007391
0.713079486387062,-1.37529252012002,1.69631796669186,1.59947056814996,-0.738704016223035,1.36916871650658,0.527310718905689,1.24332881307904,0.458834597165522,0.83094907552206,0.566850429321619,0.207968407569953,1.18280748259793,0.379384347932197,-1.10137305663194
